cancer_type,doctor
Breast Cancer,"['Abenaa M. Brewster', 'Adam Brufsky', 'Aditya Bardia', 'Alberto J. Montero', 'Alejandra T. Perez', 'Alexandra S. Heerdt', 'Alvaro Moreno-Aspitia', 'Aminah Jatoi', 'Amy C. Degnim', 'Amy P. Early', 'Ana Aparicio', 'Ana Maria Lopez', 'Andrea Silber', 'Andrew E. Place', 'Andrew E. Sloan', 'Ann H. Partridge', 'Anne C. Chiang', 'Anne F. Schott', 'Anne Moore', 'Anthony B. El-Khoueiry', 'Anthony D. Elias', 'Anthony J. Olszanski', 'Antonio C. Wolff', 'Arnold Freedman', 'Atif J. Khan', 'B. Douglas Smith', 'Banu Arun', 'Barbara A. Parker', 'Barbara A. Pockaj', 'Benjamin D. Smith', 'Beth Overmoyer', 'Beverly Moy', 'Bhuvaneswari Ramaswamy', 'Bob T. Li', 'Brian J. Czerniecki', 'Bruce E. Johnson', 'Bryan K. Kee', 'Camilo E. Fadul', 'Carol J. Fabian', 'Carol L. Brown', 'Carrie A. Thompson', 'Cary A. Presant', 'Cary Philip Gross', 'Charles L. Loprinzi', 'Charles Lu', 'Charles Roberts', 'Chau T. Dang', 'Christiana Brenin', 'Christina Chu', 'Christopher G. Wood', 'Christopher Y. Thomas', 'Claudine Isaacs', 'Clinton F. Stewart', 'Craig A. Bunnell', 'Craig L. Slingluff', 'Cristiane Takita', 'Daniel D. Karp', 'Daniel M. Green', 'Daniel Mulkerin', 'Daniel P. Silver', 'Daniel V.T. Catenacci', 'David Euhus', 'David M. Peereboom', 'David P. Ryan', 'David S. Hong', 'Dean Lim', 'Donald W. Northfelt', 'Douglas Yee', 'Eddy J. Chen', 'Edith A. Perez', 'Efrat Dotan', 'Egidio Del Fabbro', 'Elias Obeid', 'Elizabeth A. Mittendorf', 'Eric P. Winer', 'Erica L. Mayer', 'Funda Meric-Bernstam', 'Gabriel Lopez', 'Gabriel N. Hortobagyi', ""Gabriella D'Andrea"", 'George D. Demetri', 'George H. Perkins', 'George J. Chang', 'George Plitas', 'George R. Simon', 'George Thomas Budd', 'George Wilding', 'Gini F. Fleming', 'Glenn Liu', 'Gordon J. Freeman', 'Gregory A. Daniels', 'Gregory Idos', 'Harold J. Burstein', 'Heidi D. Klepin', 'Henry Brem', 'Hongbin Chen', 'Howard I. Scher', 'Howard L. McLeod', 'Howard West', 'Hung T. Khong', 'Hyo S. Han', 'Ian E. Krop', 'Isabelle Bedrosian', 'Jame Abraham', 'James B. Yu', 'James Huang', 'James L. Abbruzzese', 'Jeffrey A. Meyerhardt', 'Jeffrey Myers', 'Jeffrey N. Weitzel', 'Jeffrey Y.C. Wong', 'Jennifer A. Ligibel', 'Jennifer S. Winn', 'Jill N. Allen', 'Joan L. Kramer', 'John A. Ridge', 'John C. Byrd', 'John Marshall', 'John Paul Diaz', 'Jordan Berlin', 'Jorg Dietrich', 'Jose G. Bazan', 'Joseph A. Sparano', 'Joseph Chao', 'Joseph O. Jacobson', 'Jue Wang', 'Julia R. White', 'Julia S. Wong', 'Kala Visvanathan', 'Karen E. Hoffman', 'Karen Kelly', 'Karen L. Smith', 'Karen S. Anderson', 'Kathleen N. Moore', 'Kazuaki Takabe', 'Keerthi Gogineni', 'Keith Flaherty', 'Kelly Hunt', 'Kelvin Lee', 'Kenneth H. Yu', 'Kenneth Offit', 'Kerin B. Adelson', 'Kevin Kim', 'Kevin S. Hughes', 'Lajos Pusztai', 'Larissa Meyer', 'Larry Norton', 'Leisha A. Emens', 'Lewis R. Roberts', 'Lisa Diamond', 'Lisa Diller', 'Lisa K. Jacobs', 'Lisa Yee', 'Loretta S. Loftus', 'Lori J. Goldstein', 'Luc Morris', 'Luis A. Diaz', 'Lynn D. Wilson', 'Mahmoud El-Tamer', 'Margaret von Mehren', 'Mariana Chavez-MacGregor', 'Mario E. Lacouture', 'Mark E. Robson', 'Mark Kozloff', 'Martin Edelman', 'Mary Helen Hackney', 'Maryam B. Lustberg', 'Matthew H. G. Katz', 'Matthew P. Goetz', 'Melanie B. Thomas', 'Melissa M. Moore', 'Melissa Wilson', 'Michael Carney', 'Michael DiGiovanna', 'Michael J. Hall', 'Michael S. Simon', 'Michael Wang', 'Mina S. Sedrak', 'Minetta C. Liu', 'Misagh Karimi', 'Monica Morrow', 'Nancy U. Lin', 'Naoto T. Ueno', 'Neeraj Agarwal', 'Norah Lynn Henry', 'Nuhad K. Ibrahim', 'Otto Metzger', 'Pamela Drullinsky', 'Pamela T. Soliman', 'Panagiotis A. Konstantinopoulos', 'Pasi A. Janne', 'Patricia LoRusso', 'Paul A. Meyers', 'Paul D. Brown', 'Paul E. Goss', 'Paul G. Richardson', 'Paul Russo', 'Paula Silverman', 'Pavani Chalasani', 'Pedro Sanz-Altamira', 'Peter D. Cole', 'Philip C. Hoffman', 'Philip L. McCarthy', 'Powel Brown', 'Prasad S. Adusumilli', 'Rachel A. Freedman', 'Rachel M. Layman', 'Rafael Perez', 'Randolph Marks', 'Raquel Nunes', 'Regina J. Brown', 'Reshma L. Mahtani', 'Richard A. Larson', 'Richard J. Lee', 'Richard J. Wong', 'Richard T. Lee', 'Rinath Jeselsohn', 'Rita Nanda', 'Robert D. Warren', 'Robert M. Dean', 'Robert Wesolowski', 'Robert Winn', 'Robert Z. Orlowski', 'Roohi Ismail-Khan', 'Samuel Chung', 'Sara M. Tolaney', 'Saranya Chumsri', 'Sarat Chandarlapaty', 'Saundra S. Buys', 'Scott Kopetz', 'Shaachi Gupta', 'Sharon H. Giordano', 'Shridar Ganesan', 'Sobha Kurian', 'Solmaz Sahebjam', 'Stephen B. Edge', 'Stephen C. Rubin', 'Stephen M. Hahn', 'Steven G. DuBois', 'Steven Grant', 'Steven I. Sherman', 'Steven J. Isakoff', 'Steven Jubelirer', 'Steven K. Clinton', 'Steven M. Larson', 'Steven Martin', 'Steven R Alberts', 'Susan G. Moore', 'Susan Hong', 'Susana M. Campos', 'Thomas A. Samuel', 'Thomas E. Witzig', 'Thomas J Pugh', 'Thomas J. Smith', 'Tian Zhang', 'Tiffany A. Traina', 'Timothy S. Pardee', 'Ting Bao', ""Tracey L. O'Connor"", 'Tufia C. Haddad', 'Ursula A. Matulonis', 'Vered Stearns', 'Veronica Jones', 'Vicente Valero', 'Vincent Chung', 'Vincent T. DeVita', 'Virginia F. Borges', 'Virginia G. Kaklamani', 'Vivek Roy', 'Vivek Subbiah', 'Wajeeha Razaq', 'Wendy Y. Chen', 'William Breitbart', 'William Wong', 'Winston Tan', 'Y. Nancy You', 'Yu Chen', 'Yuan Yuan', 'Zeina A. Nahleh', 'Zihai Li']"
Lung Cancer,"['Abhimanyu Ghose', 'Adam Brufsky', 'Aditya Bardia', 'Afshin Dowlati', 'Ahmad A. Tarhini', 'Alberto Chiappori', 'Aminah Jatoi', 'Ammar Sukari', 'Ana Maria Lopez', 'Andrew E. Sloan', 'Ann Mauer', 'Ann W. Silk', 'Anna F. Farago', 'Anne C. Chiang', 'Anne M. Traynor', 'Anne Moore', 'Anne S. Tsao', 'Anthony B. El-Khoueiry', 'Anthony J. Olszanski', 'B. Douglas Smith', 'Barbara A. Parker', 'Ben C. Creelan', 'Benjamin D. Smith', 'Bonnie S. Glisson', 'Bruce E. Johnson', 'Bryan K. Kee', 'Carrie A. Thompson', 'Cary A. Presant', 'Cary Philip Gross', 'Catherine Lam', 'Chao Hui Huang', 'Charles Lu', 'Charles M. Rudin', 'Charles Roberts', 'Christopher G. Wood', 'Christopher Y. Thomas', 'Claire F. Verschraegen', 'Clinton F. Stewart', 'Craig L. Slingluff', 'D. Ross Camidge', 'Daniel D. Karp', 'Daniel M. Green', 'Daniel P. Silver', 'David E. Kozono', 'David P. Ryan', 'David Paul Carbone', 'David S. Ettinger', 'David S. Hong', 'David Walterhouse', 'Dean Lim', 'Dennis Chi', 'Edith A. Perez', 'Elizabeth R Kessler', 'Eric L. Chang', 'Erminia Massarelli', 'Evan Hersh', 'Evan J. Lipson', 'Everett E. Vokes', 'Ferdinandos Skoulidis', 'Frank C. Detterbeck', 'Frank V. Fossella', 'Gabriel Lopez', 'Geoffrey Shapiro', 'George H. Perkins', 'George R. Simon', 'George Wilding', 'Gerold Bepler', 'Gordon J. Freeman', 'Grace K. Dy', 'Gregory A. Daniels', 'Gregory J. Riely', 'Gregory M.M. Videtic', 'Haiying Cheng', 'Harriet M. Kluger', 'Heinz-Josef Lenz', 'Helen J. Ross', 'Hongbin Chen', 'Hossein Borghaei', 'Howard I. Scher', 'Howard L. McLeod', 'Howard West', 'Jack A. Roth', 'James B. Yu', 'James D. Griffin', 'James Huang', 'James Stevenson', 'Jamie E. Chaft', 'Janakiraman Subramanian', 'Jarushka Naidoo', 'Jason B. Fleming', 'Jeffrey A. Morgan', 'Jeffrey Myers', 'Jennifer A. Chan', 'Jimmy Ruiz', 'Joe Y. Chang', 'John A. Ridge', 'John C. Byrd', 'John D. Mitchell', 'John Marshall', 'Jordan Berlin', 'Jose G. Bazan', 'Joseph Anthony Arthur', 'Jue Wang', 'Julie R. Brahmer', 'Karen Kelly', 'Karen L. Reckamp', 'Karen S. Anderson', 'Kathleen N. Moore', 'Keith Flaherty', 'Kelvin Lee', 'Kenneth H. Yu', 'Kenneth Offit', 'Kevin Kim', 'Larry Norton', 'Lecia V. Sequist', 'Leonard B. Saltz', 'Lewis R. Roberts', 'Luis A. Diaz', 'Mahesh Seetharam', 'Marc A. Shapiro', 'Marc Ladanyi', 'Marcos J.G. De Lima', 'Mario E. Lacouture', 'Mario Sznol', 'Mark G. Kris', 'Mark Kozloff', 'Mark S. Collins', 'Martin Edelman', 'Matthew H. G. Katz', 'Mebea Aklilu', 'Melissa M. Moore', 'Melissa Wilson', 'Michael Carney', 'Michael E. Williams', 'Michael N. Neuss', 'Michael Paul Kim', 'Michael S. Simon', 'Michael Wang', 'Mihaela Druta', 'Mitchell Machtay', 'Mohammad Razaq', 'Nathan A. Pennell', 'Nikhil I. Khushalani', 'Pamela T. Soliman', 'Pasi A. Janne', 'Patricia LoRusso', 'Paul A. Meyers', 'Paul B. Chapman', 'Paul D. Brown', 'Paul F. Mansfield', 'Paul K. Paik', 'Paul Russo', 'Philip C. Hoffman', 'Powel Brown', 'Prasad S. Adusumilli', 'Rafael Perez', 'Randolph Marks', 'Ranee Mehra', 'Ravi Salgia', 'Rebecca Suk Heist', 'Renuka V. Iyer', 'Richard J. Lee', 'Richard T. Lee', 'Rita Nanda', 'Robert A. Baiocchi', 'Robert J. Motzer', 'Robert M. Dean', 'Rogerio Lilenbaum', 'Ronald S. Go', 'Roy H. Decker', 'Roy S. Herbst', 'Ryan D. Gentzler', 'Samuel Chung', 'Sarah A. Taylor', 'Scott N. Gettinger', 'Seth M. Cohen', 'Sharon H. Giordano', 'Shirish M. Gadgeel', 'Solmaz Sahebjam', 'Sriram Yennu', 'Stefan C. Grant', 'Stephen K. Williamson', 'Steven Attia', 'Steven E. Schild', 'Steven G. DuBois', 'Steven Grant', 'Steven I. Sherman', 'Steven Jubelirer', 'Steven K. Clinton', 'Steven Martin', 'Steven R Alberts', 'Stuart H. Packer', 'Thomas A. Samuel', 'Thomas E. Witzig', 'Thomas J Pugh', 'Thomas J. Smith', 'Tian Zhang', 'Tianhong Li', 'Timothy S. Pardee', 'Todd L. Demmy', 'Valerie W. Rusch', 'Vincent Chung', 'Vivek Subbiah', 'W. Michael Alberts', 'Wallace L. Akerley', 'Wen Wee Ma', 'William Breitbart', 'William T. Purcell', 'Winston Tan', 'Y. Nancy You', 'Yu Chen', 'Yuan Yuan']"
Leukemia,"['Aaron Rapoport', 'Abdulraheem Yacoub', 'Abhinav Deol', 'Alan F. List', 'Alessandra Ferrajoli', 'Alvaro Moreno-Aspitia', 'Anas Younes', 'Andrew E. Place', 'Andrew E. Sloan', 'Andrew S. Artz', 'Anjali S. Advani', 'Aref Al-Kali', 'Ariela Noy', 'Auayporn Nademanee', 'B. Douglas Smith', 'Borje Andersson', 'Carrie A. Thompson', 'Cary A. Presant', 'Charles Roberts', 'Ching-Hon Pui', 'Daniel J. DeAngelo', 'Daniel M. Green', 'David A. Scheinberg', 'David J. Straus', 'David P. Steensma', 'Donald P. Lawrence', 'Eduardo Bruera', 'Edward B. Perkins', 'Edwin Alyea', 'Elaine Morgan', 'Elias Jabbour', 'Elizabeth A. Griffiths', 'Elizabeth J. Shpall', 'Ellin Berman', 'Eric L. Chang', 'Eric S. Winer', 'Eunice S. Wang', 'Eytan Stein', 'Fabio Pires De Souza Santos', 'Farhad Ravandi', 'Gabriela Hobbs', 'George Wilding', 'Grzegorz S. Nowakowski', 'Guillermo Garcia-Manero', 'Hagop M. Kantarjian', 'Heidi D. Klepin', 'Henry C. Fung', 'Hetty E Carraway', 'Howard I. Scher', 'Howard L. McLeod', 'Howard West', 'Issa F. Khouri', 'James B. Yu', 'James C. Moore', 'James D. Griffin', 'James Downing', 'James M. Foran', 'Jeffrey A. Morgan', 'Jeffrey E Rubnitz', 'Jeffrey E. Lancet', 'Jeffrey Myers', 'Jerome Ritz', 'John C. Byrd', 'John T. Sandlund', 'Joseph Chao', 'Joseph P. Uberti', 'Joseph Rosenthal', 'Karen K. Ballen', 'Kathleen N. Moore', 'Kebede Begna', 'Kelvin Lee', 'Kenneth Offit', 'Larry Norton', 'Leonard B. Saltz', 'Leslie Popplewell', 'Lewis B. Silverman', 'Lewis R. Roberts', 'Lia Gore', 'Lode J. Swinnen', 'Lucy A. Godley', 'Luis A. Diaz', 'Maria E. Cabanillas', 'Marina Konopleva', 'Mario Sznol', 'Martha Lacy', 'Martin S. Tallman', 'Matt E. Kalaycio', 'Michael A. Curran', 'Michael E. Williams', 'Michael R. Grever', 'Michael S. Simon', 'Michelle A. Elliott', 'Miguel-Angel Perales', 'Mikkael A. Sekeres', 'Mohamad Masri', 'Muzaffar H. Qazilbash', 'Navneet S. Majhail', 'Nitin Jain', 'Olatoyosi Odenike', 'Paolo Anderlini', 'Partow Kebriaei', 'Paul F. Mansfield', 'Paul J. Shami', 'Philip L. McCarthy', 'Philippe Armand', 'Randolph Marks', 'Rebecca B. Klisovic', 'Richard A. Larson', 'Richard E. Champlin', 'Richard M. Stone', 'Robert Z. Orlowski', 'Ronald S. Go', 'Ross C. Donehower', 'Saroj Vadhan-Raj', 'Sergio Giralt', 'Shaji Kumar', 'Sonali M. Smith', 'Srdan Verstovsek', 'Stefan O. Ciurea', 'Stephen E. Sallan', 'Stephen J. Forman', 'Steven Gore', 'Steven Grant', 'Steven Jubelirer', 'Steven K. Clinton', 'Steven Martin', 'Steven P. Treon', 'Steven R Alberts', 'Steven T. Rosen', 'Taiga Nishihori', 'Tait D. Shanafelt', 'Terri L. Parker', 'Thomas E. Witzig', 'Thomas F. Hogan', 'Thomas J. Smith', 'Timothy Call', 'Timothy S. Pardee', 'Uday R. Popat', 'Vivek Subbiah', 'Voravit Ratanatharathorn', 'Wendy Stock', 'William G. Wierda', 'Yago Nieto', 'Yesid Alvarado', 'Yuan Yuan', 'Zihai Li']"
Prostate Cancer,"['Abhishek A Solanki', 'Adam Brufsky', 'Aditya Bardia', 'Akash Patnaik', 'Amado J. Zurita', 'Aminah Jatoi', 'Ana Aparicio', 'Andrew E. Sloan', 'Andrew R. Howard', 'Arif Hussain', 'Benjamin D. Smith', 'Biren Saraiya', 'Charles L. Loprinzi', 'Charles Roberts', 'Christopher G. Wood', 'Christopher Logothetis', 'Christopher Sweeney', 'Christopher W. Ryan', 'Christopher Y. Thomas', 'Christos Kyriakopoulos', 'Craig L. Slingluff', 'Curtiland Deville', 'D. Ross Camidge', 'Damian A. Laber', 'Daniel D. Karp', 'David Schiff', 'Eddy J. Chen', 'Elias Obeid', 'Elisabeth I. Heath', 'Elizabeth R Kessler', 'Emmanuel S. Antonarakis', 'Eric L. Chang', 'George H. Perkins', 'George Wilding', 'Glenn Liu', 'Gordon J. Freeman', 'Guru Sonpavde', 'Han Xiao', 'Howard I. Scher', 'Howard L. McLeod', 'Isaac Yi Kim', 'Jacqueline Vuky', 'James B. Yu', 'James D. Griffin', 'Jay P. Ciezki', 'Jeffrey Myers', 'Jingsong Zhang', 'John A. Ridge', 'John C. Araujo', 'John Marshall', 'Jonathan E. Rosenberg', 'Jorge A. Garcia', 'Joseph W. Kim', 'Jue Wang', 'Julia R. White', 'Karen S. Anderson', 'Karim A. Touijer', 'Keith Flaherty', 'Kenneth J. Pienta', 'Kenneth Offit', 'Kevin S. Hughes', 'Kimmie Ng', 'Larry Norton', 'Lewis R. Roberts', 'M Dror Michaelson', 'Mario A. Eisenberger', 'Mario Sznol', 'Mark Kozloff', 'Mark Pomerantz', 'Martin Edelman', 'Mary-Ellen Taplin', 'Mehmet Asim Bilen', 'Michael G. Haddock', 'Michael J. Hall', 'Michael J. McNamara', 'Michael J. Morris', 'Michael S. Simon', 'Michael Wang', 'Nancy Ann Dawson', 'Neal Rosen', 'Neeraj Agarwal', 'Noah M. Hahn', 'Paul A. Meyers', 'Paul D. Brown', 'Paul L. Nguyen', 'Quynh Nguyen', 'Randolph Marks', 'Richard J. Lee', 'Rita Nanda', 'Ronald C. Chen', 'Samuel R. Denmeade', 'Scott N. Gettinger', 'Sharon H. Giordano', 'Shi-Ming Tu', 'Sriram Yennu', 'Steven E. Schild', 'Steven Gore', 'Steven Grant', 'Steven Jubelirer', 'Steven K. Clinton', 'Steven M. Larson', 'Steven Martin', 'Steven R Alberts', 'Tanya B. Dorff', 'Thomas Gajewski', 'Thomas J Pugh', 'Thomas J. Smith', 'Thomas W. Flaig', 'Tian Zhang', 'Timothy S. Pardee', 'Tomasz M. Beer', 'Toni K. Choueiri', 'Umar Mahmood', 'Vincent Chung', 'Vivek Subbiah', 'William K. Oh', 'William R. Berry', 'William Wong', 'Winston Tan', 'Y. Nancy You', 'Yu Chen', 'Yuan Yuan']"
Colorectal Cancer,"['Adam Brufsky', 'Alok A. Khorana', 'Ana Maria Lopez', 'Andrew E. Sloan', 'Andrew M. Lowy', 'Andrew X. Zhu', 'Anthony B. El-Khoueiry', 'Anthony J. Olszanski', 'Barbara A. Parker', 'Barbara Burtness', 'Benjamin D. Smith', 'Blase N. Polite', 'Bruce E. Johnson', 'Cathy Eng', 'Charles L. Loprinzi', 'Charles Roberts', 'Charles S. Fuchs', 'Christina Chu', 'Christopher G. Wood', 'Clinton F. Stewart', 'Crystal S. Denlinger', 'Daniel M. Green', 'Daniel M. Halperin', 'Daniel Mulkerin', 'Daniel P. Silver', 'Daniel V.T. Catenacci', 'David P. Ryan', 'David S. Hong', 'Deborah Schrag', 'Dennis Chi', 'Efrat Dotan', 'Elise D. Cook', 'Eric L. Chang', 'Ernest Hawk', 'Frank A. Sinicrope', 'George J. Chang', 'George R. Simon', 'George Wilding', 'Gina G. Chung', 'Glenn Liu', 'Gordon J. Freeman', 'Gregory A. Daniels', 'Han Xiao', 'Hedy L. Kindler', 'Heinz-Josef Lenz', 'Henry C. Pitot', 'Howard I. Scher', 'Howard L. McLeod', 'Jae Hong Park', 'Jaffer A. Ajani', 'James B. Yu', 'James C. Yao', 'James D. Griffin', 'James L. Abbruzzese', 'Jeffrey A. Meyerhardt', 'Jeffrey A. Morgan', 'Jeffrey Myers', 'Jeffrey Y.C. Wong', 'Jennifer A. Chan', 'Jennifer A. Ligibel', 'Jennifer Elston Lafata', 'John Marshall', 'John R. Weis', 'Jonathan R. Strosberg', 'Jordan Berlin', 'Jose G. Guillem', 'Jue Wang', 'Karen S. Anderson', 'Kathleen N. Moore', 'Keith Flaherty', 'Kenneth Offit', 'Kevin Kim', 'Khalid Matin', 'Kimmie Ng', 'Larry Norton', 'Leonard B. Saltz', 'Lewis R. Roberts', 'Lily L. Lai', 'Lisa Diamond', 'Luc Morris', 'Luis A. Diaz', 'Margaret von Mehren', 'Mark J. Ratain', 'Mark Kozloff', 'Martin McCarter', 'Martin R. Weiser', 'Martine Extermann', 'Marwan Fakih', 'Mebea Aklilu', 'Melissa M. Moore', 'Michael J. Hall', 'Michael J. Overman', 'Michael J. Pishvaian', 'Michael S. Simon', 'Miguel A. Rodriguez-Bigas', 'Mitchell C. Posner', 'Namrata Vijayvergia', 'Pasi A. Janne', 'Patricia LoRusso', 'Paul A. Meyers', 'Paul D. Brown', 'Paul F. Mansfield', 'Pedro Sanz-Altamira', 'Philip Paty', 'Randall F. Holcombe', 'Ravi Murthy', 'Regina J. Brown', 'Renato Lenzi', 'Richard D. Kim', 'Richard J. Lee', 'Richard J. Wong', 'Richard T. Lee', 'Ronald S. Go', 'Ross C. Donehower', 'Scott Kopetz', 'Scott N. Gettinger', 'Seth M. Cohen', 'Sharon H. Giordano', 'Siwen Hu-Lieskovan', 'Skye C. Mayo', 'Sobha Kurian', 'Stephen K. Williamson', 'Stephen Leong', 'Steven Grant', 'Steven Jubelirer', 'Steven K. Clinton', 'Steven M. Larson', 'Steven R Alberts', 'Susan G. Moore', 'T. Peter Kingham', 'Tanios S. Bekaii-Saab', 'Theodore S. Hong', 'Thomas J Pugh', 'Thomas J. Smith', 'Vincent Chung', 'Vivek Subbiah', 'Wells A. Messersmith', 'Wen Wee Ma', 'William Wong', 'Y. Nancy You', 'Yu Chen', 'Yuan Yuan']"
Lymphoma,"['Aaron Rapoport', 'Abhinav Deol', 'Alessandra Ferrajoli', 'Amrita Y. Krishnan', 'Ana Maria Lopez', 'Anas Younes', 'Andrew E. Place', 'Andrew E. Sloan', 'Andrew S. Artz', 'Anjali S. Advani', 'Anthony J. Olszanski', 'Ariela Noy', 'Arnold Freedman', 'Auayporn Nademanee', 'B. Douglas Smith', 'Baldassarre Stea', 'Barbara A. Parker', 'Basem M. William', 'Benjamin D. Smith', 'Bianca Santomasso', 'Borje Andersson', 'Bruce E. Johnson', 'Carolyn M. Mulroney', 'Carrie A. Thompson', 'Charles Roberts', 'Craig C. Hofmeister', 'Craig H. Moskowitz', 'D. Ross Camidge', 'Daniel M. Green', 'Daniel Mulkerin', 'David J. Straus', 'David P. Ryan', 'David P. Steensma', 'David R. Spriggs', 'David Schiff', 'David T. Scadden', 'David Walterhouse', 'Eduardo Bruera', 'Edward B. Perkins', 'Edwin Alyea', 'Elias Jabbour', 'Elizabeth J. Shpall', 'Farhad Ravandi', 'Felipe Samaniego', 'Francine M. Foss', 'Francisco J. Hernandez-Ilizaliturri', 'George R. Simon', 'George Wilding', 'Gordon J. Freeman', 'Grzegorz S. Nowakowski', 'Hagop M. Kantarjian', 'Han Xiao', 'Howard L. McLeod', 'Howard West', 'Ingo K. Mellinghoff', 'Issa F. Khouri', 'James B. Yu', 'James D. Griffin', 'James M. Foran', 'Jasmine M. Zain', 'Jeffrey Myers', 'Jennifer J. Wheler', 'Jeremy S. Abramson', 'John C. Byrd', 'John T. Sandlund', 'Jordan Berlin', 'Jorg Dietrich', 'Joseph A. Sparano', 'Joseph P. Uberti', 'Joseph Rosenthal', 'Karen K. Ballen', 'Keith Flaherty', 'Kenneth Offit', 'Kevin Kim', 'Leslie Popplewell', 'Lewis B. Silverman', 'Lewis R. Roberts', 'Lode J. Swinnen', 'Lubomir Sokol', 'Luc Morris', 'Luis A. Diaz', 'Luis Fayad', 'Marcos J.G. De Lima', 'Maria E. Cabanillas', 'Maria Lia Palomba', 'Mario Sznol', 'Mark J. Ratain', 'Martha Lacy', 'Martin S. Tallman', 'Michael A. Curran', 'Michael E. Williams', 'Michael S. Simon', 'Michael Wang', 'Miguel-Angel Perales', 'Morie A. Gertz', 'Navneet S. Majhail', 'Nina D. Wagner-Johnston', 'Nitin Jain', 'Partow Kebriaei', 'Patricia LoRusso', 'Paul A. Hamlin', 'Paul A. Meyers', 'Paul D. Brown', 'Paul F. Mansfield', 'Paul K. Paik', 'Peter D. Cole', 'Philip L. McCarthy', 'Philippe Armand', 'Randolph Marks', 'Richard A. Larson', 'Richard E. Champlin', 'Richard J. Lee', 'Robert A. Baiocchi', 'Robert M. Dean', 'Robert Z. Orlowski', 'Ross C. Donehower', 'Saroj Vadhan-Raj', 'Scott N. Gettinger', 'Sergio Giralt', 'Seth M. Cohen', 'Shaji Kumar', 'Sharon H. Giordano', 'Sonali M. Smith', 'Stanton L. Gerson', 'Stefan O. Ciurea', 'Stephen C. Rubin', 'Stephen M. Ansell', 'Steven G. DuBois', 'Steven Gore', 'Steven Grant', 'Steven I. Sherman', 'Steven Jubelirer', 'Steven Martin', 'Steven P. Treon', 'Steven T. Rosen', 'Taiga Nishihori', 'Tait D. Shanafelt', 'Thomas E. Witzig', 'Thomas J Pugh', 'Thomas J. Smith', 'Timothy Call', 'Uday R. Popat', 'Vincent Chung', 'Vivek Subbiah', 'Voravit Ratanatharathorn', 'William Breitbart', 'William G. Wierda', 'Yago Nieto', 'Yuan Yuan']"
Bone Cancer,"['Amir A. Jazaeri', 'Anne Moore', 'B. Douglas Smith', 'Carrie A. Thompson', 'Charles Roberts', 'Christopher G. Wood', 'Christos Kyriakopoulos', 'Daniel M. Green', 'Daniel P. Silver', 'David A. Liebner', 'David S. Hong', 'Elizabeth A. Griffiths', 'Eunice S. Wang', 'Farhad Ravandi', 'George H. Perkins', 'Isaac Yi Kim', 'John A. Ridge', 'Joseph Chao', 'Joseph W. Kim', 'Lewis R. Roberts', 'Marina Konopleva', 'Mario A. Eisenberger', 'Mario E. Lacouture', 'Mark S. Collins', 'Najat C. Daw', 'Nina D. Wagner-Johnston', 'Nitin Jain', 'Partow Kebriaei', 'Paul F. Mansfield', 'Pavani Chalasani', 'Richard E. Champlin', 'Richard J. Lee', ""Sandra P. D'Angelo"", 'Srdan Verstovsek', 'Stefan O. Ciurea', 'Steven Attia', 'Steven G. DuBois', 'Steven Grant', 'Steven Jubelirer', 'Steven K. Clinton', 'Steven Martin', 'Thomas J. Smith', 'Tian Zhang', 'Todd L. Demmy', 'Tracy A. Balboni', 'Vivek Subbiah', 'Yuan Yuan']"
Melanoma,"['Adam Brufsky', 'Adi Diab', 'Ahmad A. Tarhini', 'Alberto S. Pappo', 'Amod Sarnaik', 'Amy B. Heimberger', 'Ana Aparicio', 'Andrew E. Place', 'Andrew E. Sloan', 'Ann W. Silk', 'Anthony J. Olszanski', 'Antonio Jimeno', 'Barbara A. Pockaj', 'Benjamin D. Smith', 'Brian J. Czerniecki', 'Bruce E. Johnson', 'Christopher G. Wood', 'Clinton F. Stewart', 'Craig L. Slingluff', 'David P. Ryan', 'David S. Hong', 'Donald P. Lawrence', 'Evan Hersh', 'Evan J. Lipson', 'Evanthia Galanis', 'F. Stephen Hodi', 'Gary C. Doolittle', 'George R. Simon', 'George Wilding', 'Gordon J. Freeman', 'Gregory A. Daniels', 'Harriet M. Kluger', 'Hassane M. Zarour', 'Howard I. Scher', 'Howard L. McLeod', 'Igor Puzanov', 'James B. Yu', 'James D. Griffin', 'Jedd D. Wolchok', 'Jeffrey Myers', 'John A. Ridge', 'John C. Araujo', 'John P. Fruehauf', 'Jordan Berlin', 'Jose G. Bazan', 'Joseph Chao', 'Joseph W. Kim', 'Keith Flaherty', 'Kenneth Offit', 'Kevin Kim', 'Larry Norton', 'Lewis R. Roberts', 'Marc S. Ernstoff', 'Mario Sznol', 'Martin McCarter', 'Melissa Wilson', 'Michael B. Atkins', 'Michael E. Williams', 'Michael J. Mastrangelo', 'Michael J. McNamara', 'Michael S. Simon', 'Michael Wang', 'Miguel-Angel Perales', 'Nikhil I. Khushalani', 'Pasi A. Janne', 'Patricia LoRusso', 'Patrick Hwu', 'Paul A. Meyers', 'Paul B. Chapman', 'Paul D. Brown', 'Paul F. Mansfield', 'Paul Monk', 'Randolph Marks', 'Richard J. Lee', 'Richard T. Lee', 'Robert R. McWilliams', 'Ronald S. Go', 'Scott N. Gettinger', 'Seth M. Cohen', 'Sharon H. Giordano', 'Siwen Hu-Lieskovan', 'Steven Grant', 'Steven K. Clinton', 'Steven R Alberts', 'Thomas A. Samuel', 'Thomas Gajewski', 'Timothy Call', 'Todd Pitts', 'Vivek Subbiah', 'Wen Wee Ma']"
Liver Cancer,"['Adam Brufsky', 'Afshin Dowlati', 'Alice Y. Ho', 'Andrew X. Zhu', 'Anthony B. El-Khoueiry', 'Anthony J. Olszanski', 'Benjamin D. Smith', 'Brian H. Kushner', 'Bruce E. Johnson', 'Carola A. S. Arndt', 'Christopher G. Wood', 'Craig L. Slingluff', 'Daniel M. Green', 'Daniel V.T. Catenacci', 'David P. Ryan', 'Efrat Dotan', 'Elaine Morgan', 'Eric L. Chang', 'Frank Mott', 'George R. Simon', 'George Wilding', 'Ghassan K. Abou-Alfa', 'Gordon J. Freeman', 'Han Xiao', 'Hedy L. Kindler', 'Heinz-Josef Lenz', 'Howard L. McLeod', 'James D. Griffin', 'Jeffrey A. Morgan', 'Jeffrey Myers', 'Joe Y. Chang', 'Jordan Berlin', 'Jose G. Bazan', 'Judith K. Sato', 'Jun Luo', 'Katherine A. Janeway', 'Keith Flaherty', 'Kenneth H. Yu', 'Kenneth K. Ng', 'Kenneth Tanabe', 'Kevin Kim', 'Lewis R. Roberts', 'Margaret von Mehren', 'Mario E. Lacouture', 'Mark Kozloff', 'Marwan Fakih', 'Melanie B. Thomas', 'Michael J. Hall', 'Michael J. Overman', 'Michael Wang', 'Milind M. Javle', 'Mitesh J. Borad', 'Nikhil I. Khushalani', 'Paul D. Brown', 'Rachna T. Shroff', 'Ravi Murthy', 'Richard D. Kim', 'Ronald S. Go', 'Sam S. Yoon', 'Scott Kopetz', 'Sharon H. Giordano', 'Steven Grant', 'Steven K. Clinton', 'Steven R Alberts', 'Suzanne Shusterman', 'Theodore S. Hong', 'Thomas A. Aloia', 'Thomas F. Hogan', 'Thomas J. Smith', 'Tian Zhang', 'Timothy Call', 'Timothy S. Pardee', 'Tracey E. Schefter', 'Umar Mahmood', 'Vincent Chung', 'Vivek Subbiah', 'Weijing Sun', 'William R. Jarnagin', 'Winston Tan', 'Y. Nancy You', 'Yu Chen', 'Yuan Yuan']"
Kidney Cancer,"['Adam Brufsky', 'Ana Aparicio', 'Andrew E. Sloan', 'Ann W. Silk', 'Arif Hussain', 'Asit K. Paul', 'B. Douglas Smith', 'Brian H. Kushner', 'Bruce E. Johnson', 'Carola A. S. Arndt', 'Carrie A. Thompson', 'Charles Roberts', 'Christopher G. Wood', 'Christopher W. Ryan', 'Clinton F. Stewart', 'Craig L. Slingluff', 'Daniel M. Geynisman', 'Daniel M. Green', 'David J. Vaughn', 'David P. Ryan', 'David Walterhouse', 'Dean F. Bajorin', 'Donald P. Lawrence', 'Elizabeth R Kessler', 'Eric L. Chang', 'Evan J. Lipson', 'F. Stephen Hodi', 'Fernando Quevedo', 'Glenn Liu', 'Gordon J. Freeman', 'Gregory A. Daniels', 'Guru Sonpavde', 'Harriet M. Kluger', 'Helen J. Ross', 'Henry C. Pitot', 'Howard I. Scher', 'Howard L. McLeod', 'Howard West', 'James B. Yu', 'James D. Griffin', 'Jeffrey A. Morgan', 'Jeffrey Myers', 'Jingsong Zhang', 'John A. Ridge', 'John C. Byrd', 'John Marshall', 'Jonathan E. Rosenberg', 'Jordan Berlin', 'Jorge A. Garcia', 'Judith K. Sato', 'Jue Wang', 'Jun Luo', 'Kathleen N. Moore', 'Keith Flaherty', 'Kenneth H. Yu', 'Kenneth Offit', 'Kevin Kim', 'Lance C. Pagliaro', 'Larry Norton', 'Lewis R. Roberts', 'M Dror Michaelson', 'Marc S. Ernstoff', 'Mario E. Lacouture', 'Mario Sznol', 'Mark Pomerantz', 'Martin Edelman', 'Mary-Ellen Taplin', 'Matthew T Campbell', 'Mehmet Asim Bilen', 'Michael B. Atkins', 'Michael J. Hall', 'Michael S. Simon', 'Michael Wang', 'Naoto T. Ueno', 'Neeraj Agarwal', 'Nikhil I. Khushalani', 'Nizar M. Tannir', 'Patricia LoRusso', 'Patrick Hwu', 'Paul B. Chapman', 'Paul D. Brown', 'Paul F. Mansfield', 'Paul G. Richardson', 'Paul Monk', 'Peter D. Cole', 'Ping Chi', 'Rafael Perez', 'Randolph Marks', 'Richard M. Stone', 'Richard T. Lee', 'Robert J. Motzer', 'Scott N. Gettinger', 'Sharon H. Giordano', 'Shi-Ming Tu', 'Siwen Hu-Lieskovan', 'Stephen M. Hahn', 'Steven Attia', 'Steven Grant', 'Steven I. Sherman', 'Steven K. Clinton', 'Steven R Alberts', 'Sumanta K. Pal', 'Tanya B. Dorff', 'Thomas J Pugh', 'Thomas J. Smith', 'Thomas W. Flaig', 'Tian Zhang', 'Timothy Call', 'Timothy S. Pardee', 'Tomasz M. Beer', 'Toni K. Choueiri', 'Vincent Chung', 'Vivek Subbiah', 'Willie Underwood', 'Winston Tan', 'Y. Nancy You', 'Yu Chen']"
Ovarian Cancer,"['Adam Brufsky', 'Aditya Bardia', 'Alexi A. Wright', 'Aminah Jatoi', 'Amir A. Jazaeri', 'Ana Maria Lopez', 'Andrew E. Sloan', 'Antonio Jimeno', 'B. Douglas Smith', 'Bradley J. Monk', 'Brian H. Kushner', 'Bruce E. Johnson', 'Carol Aghajanian', 'Carol L. Brown', 'Carolyn N. Krasner', 'Cary A. Presant', 'Charles L. Loprinzi', 'Charles Lu', 'Charles Roberts', 'Christina Chu', 'Christopher G. Wood', 'Claire F. Verschraegen', 'Craig L. Slingluff', 'Daniel M. Green', 'Daniel P. Silver', 'David P. Ryan', 'David R. Spriggs', 'David S. Hong', 'Dennis Chi', 'Diane C. Bodurka', 'Dineo Khabele', 'Elizabeth A. Mittendorf', 'Emese Zsiros', 'Evanthia Galanis', 'George Wilding', 'Gerardo Colon-Otero', 'Glenn Liu', 'Gordon J. Freeman', 'Gregory Idos', 'Howard L. McLeod', 'Jeffrey Myers', 'Joan L. Walker', 'John Marshall', 'John P. Fruehauf', 'Jordan Berlin', 'Joseph Buscema', 'Joseph Chao', 'Jue Wang', 'Kara C. Long-Roche', 'Karen S. Anderson', 'Kathleen N. Moore', 'Keith Flaherty', 'Kenneth Offit', 'Larry Norton', 'Lewis R. Roberts', 'Linda R. Duska', 'Lois M. Ramondetta', 'Luis A. Diaz', 'Mahesh Seetharam', 'Margaret von Mehren', 'Marilyn Huang', 'Mario E. Lacouture', 'Matthew P. Goetz', 'Michael Carney', 'Michael J. Hall', 'Michael S. Simon', 'Michael Wang', 'Misagh Karimi', 'Naoto T. Ueno', 'Nicole D. Fleming', 'Oliver Zivanovic', 'Oren Smaletz', 'Panagiotis A. Konstantinopoulos', 'Patricia LoRusso', 'Paul A. Meyers', 'Paul F. Mansfield', 'Paul Sabbatini', 'Rachel N. Grisham', 'Randolph Marks', 'Renato Lenzi', 'Richard T. Lee', 'Richard T. Penson', 'Rita Nanda', 'Ritu Salani', 'Robert L. Coleman', 'Robert Z. Orlowski', 'Sarah A. Taylor', 'Seth M. Cohen', 'Setsuko K. Chambers', 'Sharon H. Giordano', 'Stephanie Gaillard', 'Stephen K. Williamson', 'Steven Grant', 'Steven Martin', 'Steven R Alberts', 'Susana M. Campos', 'Todd Pitts', 'Ursula A. Matulonis', 'Vicky Makker', 'Vincent Chung', 'Virginia G. Kaklamani', 'Vivek Subbiah', 'William P. Tew', 'Y. Nancy You', 'Yago Nieto', 'Yu Chen']"
Pancreatic Cancer,"['Aditya Bardia', 'Aminah Jatoi', 'Andrew M. Lowy', 'Anthony B. El-Khoueiry', 'Antonio Jimeno', 'Barbara Burtness', 'Benjamin D. Smith', 'Brian M. Wolpin', 'Bruce E. Johnson', 'Charles Roberts', 'Charles S. Fuchs', 'Christopher G. Wood', 'Clinton F. Stewart', 'Colin D. Weekes', 'Craig L. Slingluff', 'Cullen M. Taniguchi', 'Daniel M. Halperin', 'Daniel V.T. Catenacci', 'David P. Ryan', 'David Paul Kelsen', 'David R. Fogelman', 'Deborah Schrag', 'Efrat Dotan', ""Eileen Mary O'Reilly"", 'Elizabeth M. Jaffee', 'Evan Hersh', 'Evanthia Galanis', 'Geoffrey Shapiro', 'Harvey J. Mamon', 'Hedy L. Kindler', 'Heinz-Josef Lenz', 'Howard L. McLeod', 'James D. Griffin', 'James Huang', 'Jason B. Fleming', 'Jeffrey A. Morgan', 'Jennifer A. Chan', 'Jill Lacy', 'John C. Byrd', 'John Marshall', 'Jordan Berlin', 'Jue Wang', 'Jun Luo', 'Keith Flaherty', 'Kenneth H. Yu', 'Kevin Kim', 'Kimberly Perez', 'Lewis R. Roberts', 'Luis A. Diaz', 'Mark Kozloff', 'Marsha Reyngold', 'Matthew B. Yurgelun', 'Mebea Aklilu', 'Michael G. Haddock', 'Michael J. Hall', 'Michael J. McNamara', 'Michael J. Overman', 'Michael J. Pishvaian', 'Michael Paul Kim', 'Michael S. Simon', 'Michael Wang', 'Milind M. Javle', 'Mitesh J. Borad', 'Pasi A. Janne', 'Patricia LoRusso', 'Paul F. Mansfield', 'Paul Russo', 'Randolph Marks', 'Ravi Salgia', 'Renato Lenzi', 'Renuka V. Iyer', 'Richard D. Kim', 'Richard J. Lee', 'Richard Tuli', 'Robert R. McWilliams', 'Ross C. Donehower', 'Saroj Vadhan-Raj', 'Sharon H. Giordano', 'Stephen K. Williamson', 'Stephen Leong', 'Steven Grant', 'Steven I. Sherman', 'Steven R Alberts', 'T. Peter Kingham', 'Tanios S. Bekaii-Saab', 'Theodore S. Hong', 'Thomas J. Smith', 'Timothy S. Pardee', 'Vincent Chung', 'Vivek Subbiah', 'Wells A. Messersmith', 'Wen Wee Ma', 'William Breitbart', 'William Wong', 'Y. Nancy You', 'Yu Chen', 'Yuan Yuan']"
Brain Tumor,"['Adam Brufsky', 'Amar J. Gajjar', 'Amy B. Heimberger', 'Andrew E. Sloan', 'Baldassarre Stea', 'Brian H. Kushner', 'Camilo E. Fadul', 'Charles Roberts', 'Christina Tsien', 'Christopher G. Wood', 'Daniel M. Green', 'Daphne A. Haas-Kogan', 'David A. Reardon', 'David M. Peereboom', 'David S. Hong', 'David Schiff', 'Donald P. Lawrence', 'Eric L. Chang', 'Evanthia Galanis', 'Frederick F. Lang', 'George H. Perkins', 'Henry Brem', 'Howard Colman', 'Howard I. Scher', 'Howard West', 'James B. Yu', 'Jan C. Buckner', 'Jana Portnow', 'Jeffrey Myers', 'John C. Byrd', 'Joseph W. Kim', 'Katherine A. Janeway', 'Kelvin Lee', 'Kenneth H. Yu', 'Kenneth J. Cohen', 'Lewis R. Roberts', 'Lia Gore', 'Lynn D. Wilson', 'Mark M. Souweidane', 'Mark S. Collins', 'Melissa Wilson', 'Neal Rosen', 'Patrick Y. Wen', 'Paul D. Brown', 'Paul G. Richardson', 'Paul Russo', 'Paula Silverman', 'Randolph Marks', 'Robert J. Motzer', 'Roohi Ismail-Khan', 'Sameek Roychowdhury', 'Sandeep Mittal', 'Solmaz Sahebjam', 'Stanton L. Gerson', 'Steven G. DuBois', 'Steven Grant', 'Thomas A. Samuel', 'Thomas E. Merchant', 'Tian Zhang', 'Vinay K. Puduvalli', 'Vivek Subbiah', 'W. K. Alfred Yung', 'Wajeeha Razaq', 'Yu Chen', 'Yuan Yuan']"
Head and Neck Cancer,"['Aarti K. Bhatia', 'Aminah Jatoi', 'Ammar Sukari', 'Ann M. Gillenwater', 'Ann W. Silk', 'Anne S. Tsao', 'Anthony J. Olszanski', 'Antonio Jimeno', 'Barbara A. Parker', 'Barbara Burtness', 'Benjamin D. Smith', 'Bonnie S. Glisson', 'Brian H. Kushner', 'Bruce E. Johnson', 'Christopher G. Wood', 'Christopher Y. Thomas', 'Craig L. Slingluff', 'Cristiane Takita', 'Damian A. Laber', 'Daniel D. Karp', 'Daniel M. Green', 'David G. Pfister', 'David Raben', 'Donald P. Lawrence', 'Elizabeth A. Blair', 'Eric L. Chang', 'Everett E. Vokes', 'Frank V. Fossella', 'Geoffrey Shapiro', 'George H. Perkins', 'George R. Simon', 'George Wilding', 'Gordon J. Freeman', 'Grace K. Dy', 'Gregory A. Daniels', 'Han Xiao', 'Helen J. Ross', 'Howard L. McLeod', 'James D. Griffin', 'James Huang', 'Jeffrey Myers', 'Jeffrey Y.C. Wong', 'Jimmy J. Caudell', 'John A. Ridge', 'John Marshall', 'John R. Weis', 'Jordan Berlin', 'Joseph W. Kim', 'Jue Wang', 'Julie E. Bauman', 'Karen S. Anderson', 'Keith Flaherty', 'Kenneth K. Ng', 'Lewis R. Roberts', 'Loren K. Mell', 'Mahesh Seetharam', 'Margaret von Mehren', 'Mark Kozloff', 'Marshall R. Posner', 'Michael Wang', 'Michele Y. Halyard', 'Mitchell Machtay', 'Mohammad Razaq', 'Nabil F. Saba', 'Nadeem Riaz', 'Pasi A. Janne', 'Patricia LoRusso', 'Paul D. Brown', 'Paul F. Mansfield', 'Ranee Mehra', 'Ravindra Uppaluri', 'Renata Ferrarotto', 'Richard J. Lee', 'Richard J. Wong', 'Robert I. Haddad', 'Roy S. Herbst', 'Sara I. Pai', 'Seth M. Cohen', 'Sharon H. Giordano', 'Shiyu Song', 'Stephen K. Williamson', 'Steven K. Clinton', 'Stuart H. Packer', 'Tanguy Y. Seiwert', 'Thomas J Pugh', 'Thomas J. Smith', 'Vincent Chung', 'Vivek Subbiah', 'Wen Wee Ma', 'Yu Chen', 'Yuan Yuan']"
Acute Myeloid Leukemia (AML),"['Aref Al-Kali', 'Daniel J. DeAngelo', 'Elaine Morgan', 'Elias Jabbour', 'Elizabeth A. Griffiths', 'Eric S. Winer', 'Eunice S. Wang', 'Eytan Stein', 'Fabio Pires De Souza Santos', 'Farhad Ravandi', 'Gabriela Hobbs', 'Guillermo Garcia-Manero', 'Hagop M. Kantarjian', 'Heidi D. Klepin', 'Hetty E Carraway', 'Howard L. McLeod', 'James M. Foran', 'Jeffrey E Rubnitz', 'Jeffrey E. Lancet', 'John C. Byrd', 'Joseph Rosenthal', 'Larry Norton', 'Lucy A. Godley', 'Marina Konopleva', 'Martin S. Tallman', 'Michael S. Simon', 'Miguel-Angel Perales', 'Mikkael A. Sekeres', 'Nitin Jain', 'Olatoyosi Odenike', 'Partow Kebriaei', 'Paul J. Shami', 'Philip L. McCarthy', 'Philippe Armand', 'Rebecca B. Klisovic', 'Richard A. Larson', 'Richard E. Champlin', 'Ronald S. Go', 'Srdan Verstovsek', 'Stefan O. Ciurea', 'Steven Gore', 'Steven Grant', 'Taiga Nishihori', 'Timothy S. Pardee', 'Uday R. Popat', 'Vivek Subbiah', 'William G. Wierda', 'Yesid Alvarado']"
Multiple Myeloma,"['Aaron Rapoport', 'Abhinav Deol', 'Alexander M. Lesokhin', 'Andrzej J. Jakubowiak', 'Angela Dispenzieri', 'Auayporn Nademanee', 'Charles L. Loprinzi', 'Craig C. Hofmeister', 'David J. Chung', 'David J. Straus', 'David P. Steensma', 'Don M. Benson', 'Eduardo Bruera', 'Guenther Koehne', 'Hearn J. Cho', 'Ivan Borrello', 'James D. Griffin', 'Joseph Rosenthal', 'Karen K. Ballen', 'Karen S. Anderson', 'Kelvin Lee', 'Kenneth Offit', 'Leslie Popplewell', 'Lode J. Swinnen', 'Martha Lacy', 'Martin S. Tallman', 'Matt E. Kalaycio', 'Michael E. Williams', 'Michael R. Grever', 'Michael Wang', 'Miguel-Angel Perales', 'Morie A. Gertz', 'Muzaffar H. Qazilbash', 'Navneet S. Majhail', 'Noopur S. Raje', 'Partow Kebriaei', 'Paul G. Richardson', 'Philip L. McCarthy', 'Rachid C. Baz', 'Rafael Fonseca', 'Richard A. Larson', 'Robert Z. Orlowski', 'Ronald M. Sobecks', 'S. Vincent Rajkumar', 'Saroj Vadhan-Raj', 'Sergio Giralt', 'Shaji Kumar', 'Stanton L. Gerson', 'Steven Grant', 'Steven Martin', 'Steven R Alberts', 'Suzanne R. Hayman', 'Taiga Nishihori', 'Thomas E. Witzig', 'Ting Bao', 'Vivek Roy', 'Voravit Ratanatharathorn', 'Yago Nieto']"
Sarcoma,"['Alberto Chiappori', 'Alberto S. Pappo', 'Amir A. Jazaeri', 'Ariela Noy', 'Bradley J. Monk', 'Breelyn A. Wilky', 'Brian H. Kushner', 'Carola A. S. Arndt', 'Charles Roberts', 'Christopher G. Wood', 'Christopher W. Ryan', 'Curtiland Deville', 'Cynthia E. Herzog', 'Daniel M. Green', 'David Walterhouse', 'Edwin Choy', 'Eric L. Chang', 'F. Stephen Hodi', 'Funda Meric-Bernstam', 'George D. Demetri', 'James D. Griffin', 'James L. Abbruzzese', 'Jeffrey A. Morgan', 'Jeffrey Myers', 'Jonathan C. Trent', 'Joseph Chao', 'Katherine A. Janeway', 'Kenneth Cardona', 'Kevin Kim', 'Leonard H. Wexler', 'Lisa Diller', 'Mahesh Seetharam', 'Margaret von Mehren', 'Mario E. Lacouture', 'Michael Nathenson', 'Mihaela Druta', 'Nai-Kong V. Cheung', 'Neeta Somaiah', 'Paul A. Meyers', 'Randolph Marks', 'Robert A. Baiocchi', 'Robert G. Maki', 'Robert J. Canter', 'Samuel Singer', ""Sandra P. D'Angelo"", 'Saroj Vadhan-Raj', 'Scott H. Okuno', 'Shreyaskumar Patel', 'Steven Attia', 'Steven G. DuBois', 'Steven Martin', 'Suzanne George', 'Suzanne Shusterman', 'Thomas F. DeLaney', 'Timothy Call', 'Todd L. Demmy', 'Tracey E. Schefter', 'Vivek Subbiah']"
Bladder Cancer,"['Adam Brufsky', 'Aditya Bardia', 'Aminah Jatoi', 'Andrew E. Sloan', 'Arif Hussain', 'Ashish M. Kamat', 'Benjamin D. Smith', 'Christopher G. Wood', 'Christopher Sweeney', 'Daniel M. Geynisman', 'David J. Vaughn', 'David P. Ryan', 'Dean F. Bajorin', 'Elizabeth R Kessler', 'Gordon J. Freeman', 'Guru Sonpavde', 'Harry W. Herr', 'Howard I. Scher', 'James Huang', 'Jay P. Ciezki', 'Jingsong Zhang', 'John C. Byrd', 'John W. Colberg', 'Jonathan E. Rosenberg', 'Jorge A. Garcia', 'Joseph W. Kim', 'Jue Wang', 'Kathleen N. Moore', 'Keith Flaherty', 'Kenneth Offit', 'Lewis R. Roberts', 'Martin Edelman', 'Matthew T Campbell', 'Neeraj Agarwal', 'Noah M. Hahn', 'Peter Bach', 'Phuoc T. Tran', 'Richard J. Lee', 'Seth M. Cohen', 'Sharon H. Giordano', 'Stephen M. Hahn', 'Steven Grant', 'Steven K. Clinton', 'Sumanta K. Pal', 'Tanya B. Dorff', 'Thomas J Pugh', 'Thomas J. Smith', 'Thomas W. Flaig', 'Tian Zhang', 'Trinity Bivalacqua', 'Winston Tan']"
Skin Cancer,"['Adam Brufsky', 'Ahmad A. Tarhini', 'Alberto S. Pappo', 'Aminah Jatoi', 'Amod Sarnaik', 'Andrew E. Sloan', 'Ann M. Gillenwater', 'Barbara A. Pockaj', 'Benjamin D. Smith', 'Bonnie S. Glisson', 'Brian J. Czerniecki', 'Craig L. Slingluff', 'David P. Ryan', 'Donald P. Lawrence', 'Elizabeth A. Blair', 'Evan J. Lipson', 'F. Stephen Hodi', 'George H. Perkins', 'George R. Simon', 'Gordon J. Freeman', 'Gregory A. Daniels', 'Howard I. Scher', 'Jedd D. Wolchok', 'Joanne M. Jeter', 'John A. Ridge', 'John R. Weis', 'Jordan Berlin', 'Joseph Chao', 'Jue Wang', 'Kathleen N. Moore', 'Keith Flaherty', 'Kevin Kim', 'Lewis R. Roberts', 'Marc S. Ernstoff', 'Mario E. Lacouture', 'Mark Kozloff', 'Melissa Wilson', 'Michael B. Atkins', 'Michael E. Williams', 'Michael S. Simon', 'Michael Wang', 'Najat C. Daw', 'Nikhil I. Khushalani', 'Patrick Hwu', 'Paul A. Meyers', 'Paul B. Chapman', 'Paul D. Brown', 'Randolph Marks', 'Richard J. Lee', 'Richard T. Lee', 'Robert J. Motzer', 'Ronald S. Go', 'Stephen K. Williamson', 'Steven Jubelirer', 'Steven K. Clinton', 'Steven R Alberts', 'Thomas Gajewski', 'Thomas J. Smith', 'Vinod Ravi', 'Vivek Subbiah', 'Winston Tan']"
Gastric Cancer,"['Aminah Jatoi', 'Andrew M. Lowy', 'Anwaar Saeed', 'Brian D. Badgwell', 'Charles S. Fuchs', 'Christopher G. Wood', 'Clinton F. Stewart', 'Craig L. Slingluff', 'Crystal S. Denlinger', 'Daniel M. Green', 'Daniel V.T. Catenacci', 'David H. Ilson', 'David P. Ryan', 'Gina G. Chung', 'Gordon J. Freeman', 'Han Xiao', 'Harry H. Yoon', 'Hedy L. Kindler', 'Heinz-Josef Lenz', 'Helen J. Ross', 'Howard L. McLeod', 'Jae Hong Park', 'Jaffer A. Ajani', 'James C. Yao', 'Jill Lacy', 'John D. Mitchell', 'John Marshall', 'Jordan Berlin', 'Joseph Chao', 'Joseph W. Kim', 'Jue Wang', 'Jun Luo', 'Keith Flaherty', 'Kenneth Offit', 'Lewis R. Roberts', 'Marcos J.G. De Lima', 'Margaret von Mehren', 'Melissa Wilson', 'Michael J. McNamara', 'Michael Wang', 'Nikhil I. Khushalani', 'Paul F. Mansfield', 'Peter Bach', 'Peter C. Enzinger', 'Rafael Perez', 'Renato Lenzi', 'Richard J. Lee', 'Salma K. Jabbour', 'Samuel Chung', 'Seth M. Cohen', 'Stephen Leong', 'Steven R Alberts', 'T. Peter Kingham', 'Thomas A. Samuel', 'Thomas J. Smith', 'Tian Zhang', 'Vincent Chung', 'Vivek Subbiah', 'Weijing Sun', 'Y. Nancy You', 'Yu Chen', 'Yuan Yuan']"
Gastrointestinal Tumor,"['Carol L. Brown', 'Charles Roberts', 'Christopher G. Wood', 'Daniel M. Green', 'David P. Ryan', 'David S. Hong', 'George D. Demetri', 'Gordon J. Freeman', 'Howard West', 'Jeffrey Myers', 'John Marshall', 'Jonathan C. Trent', 'Jordan Berlin', 'Joseph Chao', 'Kenneth H. Yu', 'Margaret von Mehren', 'Mario E. Lacouture', 'Ping Chi', ""Sandra P. D'Angelo"", 'Steven Attia', 'Steven Grant', 'Steven K. Clinton', 'Suzanne George', 'Suzanne Shusterman', 'Yu Chen', 'Yuan Yuan']"
Endometrial Cancer,"['Amir A. Jazaeri', 'Ann Klopp', 'Benjamin D. Smith', 'Carol Aghajanian', 'Carol L. Brown', 'Christina Chu', 'Claire F. Verschraegen', 'Daniel M. Green', 'David P. Ryan', 'Dennis Chi', 'George H. Perkins', 'Gerardo Colon-Otero', 'Gini F. Fleming', 'Gordon J. Freeman', 'Haider Mahdi', 'James D. Griffin', 'Jeffrey A. Morgan', 'Jeffrey Myers', 'Jordan Berlin', 'Joseph Buscema', 'Jue Wang', 'Kathleen M. Schmeler', 'Kathleen N. Moore', 'Keith Flaherty', 'Kenneth Offit', 'Larry Norton', 'Linda R. Duska', 'Lois M. Ramondetta', 'Luis A. Diaz', 'Margaret von Mehren', 'Mario E. Lacouture', 'Michael J. Hall', 'Michael S. Simon', 'Michael Wang', 'Nicole D. Fleming', 'Panagiotis A. Konstantinopoulos', 'Patricia J. Eifel', 'Paul Sabbatini', 'Rachel N. Grisham', 'Randolph Marks', 'Sharon H. Giordano', 'Susana M. Campos', 'Suzanne George', 'Vicky Makker', 'Vivek Subbiah', 'Yu Chen', 'Yuan Yuan']"
Acute Lymphoblastic Leukemia (ALL),"['Andrew E. Place', 'Andrew S. Artz', 'Anjali S. Advani', 'B. Douglas Smith', 'Ching-Hon Pui', 'Daniel J. DeAngelo', 'Daniel M. Green', 'Elias Jabbour', 'Elizabeth J. Shpall', 'Eunice S. Wang', 'Farhad Ravandi', 'Guillermo Garcia-Manero', 'Hagop M. Kantarjian', 'James B. Yu', 'James D. Griffin', 'Jeffrey E Rubnitz', 'John T. Sandlund', 'Joseph Rosenthal', 'Lewis B. Silverman', 'Lia Gore', 'Marina Konopleva', 'Michelle A. Elliott', 'Navneet S. Majhail', 'Nitin Jain', 'Partow Kebriaei', 'Philip L. McCarthy', 'Philippe Armand', 'Rebecca B. Klisovic', 'Richard A. Larson', 'Richard E. Champlin', 'Sergio Giralt', 'Shaji Kumar', 'Srdan Verstovsek', 'Stefan O. Ciurea', 'Stephen E. Sallan', 'Steven Grant', 'Taiga Nishihori', 'Thomas J. Smith', 'Uday R. Popat', 'Vivek Subbiah', 'Wendy Stock']"
Chronic Lymphocytic Leukemia (CLL),"['Alessandra Ferrajoli', 'B. Douglas Smith', 'Farhad Ravandi', 'Hagop M. Kantarjian', 'Issa F. Khouri', 'James D. Griffin', 'John C. Byrd', 'Marina Konopleva', 'Michael E. Williams', 'Miguel-Angel Perales', 'Mohamad Masri', 'Nitin Jain', 'Partow Kebriaei', 'Philip L. McCarthy', 'Richard E. Champlin', 'Shaji Kumar', 'Sonali M. Smith', 'Srdan Verstovsek', 'Stefan O. Ciurea', 'Steven Grant', 'Steven K. Clinton', 'Steven P. Treon', 'Tait D. Shanafelt', 'Terri L. Parker', 'Thomas E. Witzig', 'Uday R. Popat', 'Wendy Stock', 'William G. Wierda']"
Cardiac Tumors,"['Edith A. Perez', 'Howard West']"
Cervical Cancer,"['Aditya Bardia', 'Amir A. Jazaeri', 'Ana Maria Lopez', 'Ann Klopp', 'Benjamin D. Smith', 'Bradley J. Monk', 'Carol Aghajanian', 'Carol L. Brown', 'Christina Chu', 'Christopher Y. Thomas', 'Daniel M. Green', 'David P. Ryan', 'Diane C. Bodurka', 'Gini F. Fleming', 'Gordon J. Freeman', 'James Huang', 'Jeffrey Myers', 'Joan L. Walker', 'John A. Ridge', 'John D. Mitchell', 'Jordan Berlin', 'Jue Wang', 'Kathleen M. Schmeler', 'Kathleen N. Moore', 'Lewis R. Roberts', 'Linda R. Duska', 'Lois M. Ramondetta', 'Mahesh Seetharam', 'Marilyn Huang', 'Mario E. Lacouture', 'Mario M. Leitao', 'Michael S. Simon', 'Michael Wang', 'Patricia J. Eifel', 'Paul D. Brown', 'Paul F. Mansfield', 'Ritu Salani', 'Robert D. Warren', 'Scott N. Gettinger', 'Sharon H. Giordano', 'Stephanie Gaillard', 'Steven K. Clinton', 'Steven M. Larson', 'Susana M. Campos', 'Thomas J. Smith', 'Ursula A. Matulonis', 'Vincent Chung', 'Yu Chen', 'Yuan Yuan']"
Esophageal Cancer,"['Afshin Dowlati', 'Aminah Jatoi', 'Andrew E. Sloan', 'Ann Mauer', 'Anwaar Saeed', 'Benjamin D. Smith', 'Charles S. Fuchs', 'Daniel V.T. Catenacci', 'David G. Pfister', 'David H. Ilson', 'David P. Ryan', 'Elizabeth A. Blair', 'Everett E. Vokes', 'George R. Simon', 'George Wilding', 'Glenn Liu', 'Gordon J. Freeman', 'Han Xiao', 'Harry H. Yoon', 'Harvey J. Mamon', 'Hedy L. Kindler', 'Helen J. Ross', 'Howard L. McLeod', 'Jaffer A. Ajani', 'James Huang', 'James L. Abbruzzese', 'John D. Mitchell', 'John Marshall', 'Jordan Berlin', 'Joseph Chao', 'Joseph W. Kim', 'Jue Wang', 'Lewis R. Roberts', 'Martin Edelman', 'Mebea Aklilu', 'Michael J. McNamara', 'Nabil F. Saba', 'Nikhil I. Khushalani', 'Paul D. Brown', 'Paul F. Mansfield', 'Peter Bach', 'Peter C. Enzinger', 'Richard J. Lee', 'Samuel Chung', 'Scott N. Gettinger', 'Sharon H. Giordano', 'Stephen K. Williamson', 'Stephen Swisher', 'Steven K. Clinton', 'Steven R Alberts', 'Thomas J. Smith', 'Tian Zhang', 'Vincent Chung', 'Vivek Subbiah', 'Weijing Sun', 'Yu Chen', 'Yuan Yuan']"
Thyroid Cancer,"['Anne M. Traynor', 'Benjamin D. Smith', 'Bhavana Konda', 'Bruce E. Johnson', 'Christopher G. Wood', 'Daniel M. Green', 'David S. Hong', 'Eric L. Chang', 'George H. Perkins', 'Gordon J. Freeman', 'Jeffrey Myers', 'John A. Ridge', 'Jue Wang', 'Keith Flaherty', 'Lewis R. Roberts', 'Marcia S. Brose', 'Maria E. Cabanillas', 'Michael J. Hall', 'Michael S. Simon', 'Paul D. Brown', 'Ramona Dadu', 'Richard J. Lee', 'Scott N. Gettinger', 'Sharon H. Giordano', 'Steven I. Sherman', 'Tanguy Y. Seiwert', 'Vivek Subbiah', 'Yuan Yuan']"
Rectal Cancer,"['Adam Brufsky', 'Alok A. Khorana', 'Andrew E. Sloan', 'Benjamin D. Smith', 'Cathy Eng', 'Christopher G. Wood', 'Christos Fountzilas', 'David P. Ryan', 'George J. Chang', 'Gordon J. Freeman', 'Han Xiao', 'Heinz-Josef Lenz', 'Howard L. McLeod', 'Jeffrey A. Meyerhardt', 'John Marshall', 'Jonathan R. Strosberg', 'Jordan Berlin', 'Kathleen N. Moore', 'Kimmie Ng', 'Leonard B. Saltz', 'Marwan Fakih', 'Michael J. Hall', 'Nadine Jackson McCleary', 'Namrata Vijayvergia', 'Philip Paty', 'Prajnan Das', 'Sarah E. Hoffe', 'Saroj Vadhan-Raj', 'Scott Kopetz', 'Seth M. Cohen', 'Sharon H. Giordano', 'Stephen K. Williamson', 'Theodore S. Hong', 'Vincent Chung', 'Wells A. Messersmith', 'Wen Wee Ma', 'Winston Tan', 'Yuan Yuan']"
Myeloproliferative Neoplasms,"['Aditi Shastri', 'Alan F. List', 'Alvaro Moreno-Aspitia', 'Anjali S. Advani', 'Aref Al-Kali', 'Auayporn Nademanee', 'B. Douglas Smith', 'David J. Straus', 'Eduardo Bruera', 'Elaine Morgan', 'Elizabeth A. Griffiths', 'Elizabeth J. Shpall', 'Eric S. Winer', 'Farhad Ravandi', 'Gregory A. Abel', 'Guillermo Garcia-Manero', 'Hagop M. Kantarjian', 'Henry C. Fung', 'Hetty E Carraway', 'James D. Griffin', 'James M. Foran', 'Jeffrey E Rubnitz', 'Jeffrey E. Lancet', 'Jeffrey Myers', 'John C. Byrd', 'Joseph Rosenthal', 'Karen K. Ballen', 'Kebede Begna', 'Lucy A. Godley', 'Marina Konopleva', 'Mario Sznol', 'Martha Lacy', 'Martin S. Tallman', 'Miguel-Angel Perales', 'Mikkael A. Sekeres', 'Navneet S. Majhail', 'Olatoyosi Odenike', 'Partow Kebriaei', 'Paul F. Mansfield', 'Philip L. McCarthy', 'Philippe Armand', 'Randolph Marks', 'Richard E. Champlin', 'Richard M. Stone', 'Sergio Giralt', 'Srdan Verstovsek', 'Stefan O. Ciurea', 'Steven Gore', 'Steven Grant', 'Uday R. Popat', 'Voravit Ratanatharathorn', 'Yesid Alvarado']"
Neuroblastoma,"['Brian H. Kushner', 'Carola A. S. Arndt', 'Charles Roberts', 'David Walterhouse', 'James B. Yu', 'James D. Griffin', 'Jeffrey Myers', 'Judith K. Sato', 'Katherine A. Janeway', 'Kevin Kim', 'Lisa Diller', 'Mary Lou Schmidt', 'Nai-Kong V. Cheung', 'Najat C. Daw', 'Steven G. DuBois', 'Suzanne Shusterman']"
Testicular Cancer,"['Christopher G. Wood', 'Craig L. Slingluff', 'Daniel M. Green', 'Dean F. Bajorin', 'Gordon J. Freeman', 'James B. Yu', 'Jue Wang', 'Michael E. Williams', 'Paul G. Richardson', 'Peter D. Cole', 'Philip L. McCarthy', 'Robert J. Motzer', 'Steven K. Clinton', 'Thomas E. Witzig', 'Tomasz M. Beer', 'Vincent Chung', 'Yago Nieto']"
Osteosarcoma,"['Carola A. S. Arndt', 'Carrie A. Thompson', 'Charles Roberts', 'Cynthia E. Herzog', 'Daniel M. Green', 'David Walterhouse', 'Eric L. Chang', 'Jeffrey Myers', 'Katherine A. Janeway', 'Najat C. Daw', 'Paul A. Meyers', 'Steven Attia', 'Suzanne Shusterman', 'Vivek Subbiah']"
Chronic Myelogenous Leukemia (CML),"['Aref Al-Kali', 'B. Douglas Smith', 'Elias Jabbour', 'Ellin Berman', 'Farhad Ravandi', 'Guillermo Garcia-Manero', 'Hagop M. Kantarjian', 'James C. Moore', 'James D. Griffin', 'Marina Konopleva', 'Navneet S. Majhail', 'Nitin Jain', 'Olatoyosi Odenike', 'Richard E. Champlin', 'Srdan Verstovsek', 'Steven Grant', 'Yesid Alvarado']"
Mesothelioma,"['Andrew M. Lowy', 'Anne S. Tsao', 'David S. Hong', 'George R. Simon', 'Gordon J. Freeman', 'Hedy L. Kindler', 'James Huang', 'James Stevenson', 'John D. Mitchell', 'Mark M. Awad', 'Pasi A. Janne', 'Prasad S. Adusumilli', 'Scott H. Okuno', 'Todd L. Demmy']"
Ewing Sarcoma,"['Carola A. S. Arndt', 'Charles Roberts', 'Christopher G. Wood', 'Cynthia E. Herzog', 'Edwin Choy', 'Jeffrey A. Morgan', 'Katherine A. Janeway', 'Paul A. Meyers', 'Steven Attia', 'Steven G. DuBois', 'Suzanne Shusterman']"
Vaginal Cancer,"['Ann Klopp', 'Charles L. Loprinzi', 'David P. Ryan', 'Dennis Chi', 'Gini F. Fleming', 'Kathleen M. Schmeler']"
Anal Cancer,"['Cathy Eng', 'David P. Ryan', 'Jaffer A. Ajani', 'Joseph A. Sparano', 'Joseph Chao', 'Jue Wang', 'Michael G. Haddock', 'Paul F. Mansfield']"
Retinoblastoma,"['Ira J. Dunkel', 'John A. Ridge']"
Fallopian Tube Cancer,"['Aminah Jatoi', 'Amir A. Jazaeri', 'Antonio Jimeno', 'Bradley J. Monk', 'Carol Aghajanian', 'Craig L. Slingluff', 'David R. Spriggs', 'Dennis Chi', 'Diane C. Bodurka', 'Emese Zsiros', 'Gerardo Colon-Otero', 'Joan L. Walker', 'Kathleen N. Moore', 'Larry Norton', 'Linda R. Duska', 'Lois M. Ramondetta', 'Michael Carney', 'Oliver Zivanovic', 'Oren Smaletz', 'Panagiotis A. Konstantinopoulos', 'Paul Sabbatini', 'Rachel N. Grisham', 'Richard T. Penson', 'Ritu Salani', 'Robert L. Coleman', 'Setsuko K. Chambers', 'Susana M. Campos', 'Ursula A. Matulonis', 'William P. Tew']"
Gallbladder Cancer,"['Afshin Dowlati', 'Andrew X. Zhu', 'Anthony B. El-Khoueiry', 'Barbara A. Parker', 'David P. Ryan', 'Hedy L. Kindler', 'Heinz-Josef Lenz', 'Jeffrey A. Meyerhardt', 'Jordan Berlin', 'Michael S. Simon', 'Milind M. Javle', 'Rachna T. Shroff', 'Steven R Alberts']"
Carcinoid Tumor,"['David P. Ryan', 'James C. Yao', 'James Huang', 'Jennifer A. Chan', 'Jordan Berlin', 'Leonard B. Saltz', 'Paul F. Mansfield', 'Renuka V. Iyer', 'Umar Mahmood', 'Vincent Chung']"
Wilms Tumor,"['Carola A. S. Arndt', 'Cynthia E. Herzog', 'David Walterhouse', 'James B. Yu']"
Bile Duct Cancer,"['Afshin Dowlati', 'David P. Ryan', 'Hedy L. Kindler', 'Jordan Berlin', 'Lewis R. Roberts', 'Steven R Alberts', 'Thomas A. Aloia']"
Pituitary Tumor,"['Daniel M. Green', 'Gordon J. Freeman', 'Steven Martin']"
Burkitt Lymphoma,"['Anas Younes', 'Shaji Kumar', 'Sonali M. Smith', 'Stephen M. Ansell', 'Thomas E. Witzig']"
Rhabdoid Tumor,"['Christopher G. Wood', 'James B. Yu']"
Penile Cancer,['Tomasz M. Beer']
Vulvar Cancer,"['Dennis Chi', 'Gordon J. Freeman', 'Kathleen M. Schmeler', 'Steven Grant']"
Mycosis Fungoides,"['Anas Younes', 'Grzegorz S. Nowakowski', 'Leslie Popplewell', 'Steven T. Rosen', 'Thomas E. Witzig']"
Hairy Cell Leukemia,"['Farhad Ravandi', 'John C. Byrd', 'Srdan Verstovsek']"
Urethral Cancer,"['Ashish M. Kamat', 'Steven K. Clinton']"
Appendix Cancer,['Paul F. Mansfield']
