name,img_name
Kenneth H. Yu,kenneth-yu_img.jpg
Robert Sidlow,robert-sidlow_img.jpg
Lisa Marie Ruppert,lisa-ruppert_img.jpg
Yukio Sonoda,yukio-sonoda_img.jpg
Marsha Reyngold,marsha-reyngold_img.jpg
Andrea Veronica Barrio,andrea-barrio_img.jpg
Seth M. Cohen,seth-cohen_img.jpg
Sam S. Yoon,sam-yoon_img.jpg
Atif J. Khan,atif-khan_img.jpg
Alexandra S. Heerdt,alexandra-heerdt_img.jpg
William P. Tew,william-tew_img.jpg
Tiffany A. Traina,tiffany-traina_img.jpg
Arlyn J. Apollo,arlyn-apollo_img.jpg
Bianca Santomasso,bianca-santomasso_img.jpg
Mark M. Souweidane,mark-souweidane_img.jpg
Sarat Chandarlapaty,sarat-chandarlapaty_img.jpg
Zoe Goldberg,zoe-goldberg_img.jpg
Sean Matthew McBride,sean-mcbride_img.jpg
Jonathan E. Rosenberg,jonathan-rosenberg_img.jpg
Heather Jolie Landau,heather-landau_img.jpg
Louise Ligresti,louise-ligresti_img.jpg
Loren S. Michel,loren-michel_img.jpg
Renier J. Brentjens,renier-brentjens_img.jpg
Chau T. Dang,chau-dang_img.jpg
Marcel R. M. Van Den Brink,marcel-van-den-brink_img.jpg
Samuel Singer,samuel-singer_img.jpg
S. Machele Donat,s-machele-donat_img.jpg
Mahmoud El-Tamer,mahmoud-el-tamer_img.jpg
Michael P. La Quaglia,michael-la-quaglia_img.jpg
Richard J. Wong,richard-wong_img.jpg
Paul Russo,paul-russo_img.jpg
Martin R. Weiser,martin-weiser_img.jpg
Steven Martin,steven-martin_img.jpg
Paul A. Hamlin,paul-hamlin_img.jpg
Charles L. Sawyers,charles-sawyers_img.jpg
Luc Morris,luc-morris_img.jpg
Gregory J. Riely,gregory-riely_img.jpg
David J. Chung,david-chung_img.jpg
David B. Solit,david-solit_img.jpg
Paul K. Paik,paul-paik_img.jpg
Alexander M. Lesokhin,alexander-lesokhin_img.jpg
Richard Tuli,richard-tuli_img.jpg
Prasad S. Adusumilli,prasad-adusumilli_img.jpg
Charlotte Eielson Ariyan,charlotte-ariyan_img.jpg
James Huang,james-huang_img.jpg
Alice Zervoudakis,alice-zervoudakis_img.jpg
Sandra P. D'Angelo,sandra-d-angelo_img.jpg
Elizabeth Anne Comen,elizabeth-comen_img.jpg
T. Peter Kingham,t-peter-kingham_img.jpg
Aimee Marie Crago,aimee-crago_img.jpg
Marina Shcherba,marina-shcherba_img.jpg
Jae Hong Park,jae-park_img.jpg
Jamie E. Chaft,jamie-chaft_img.jpg
Marjorie Glass Zauderer,marjorie-zauderer_img.jpg
Serena Tsan-Lai Wong,serena-wong_img.jpg
Darren R. Feldman,darren-feldman_img.jpg
Victoria Susana Blinder,victoria-blinder_img.jpg
Geoffrey Yuyat Ku,geoffrey-ku_img.jpg
Matthew J. Matasar,matthew-matasar_img.jpg
Zsofia Kinga Stadler,zsofia-stadler_img.jpg
Karim A. Touijer,karim-touijer_img.jpg
Yu Chen,yu-chen_img.jpg
Mila Gorsky,mila-gorsky_img.jpg
Daniel Costin Danila,daniel-danila_img.jpg
Alan Loh Ho,alan-ho_img.jpg
Ting Bao,ting-bao_img.jpg
Alison J. Moskowitz,alison-moskowitz_img.jpg
Vicky Makker,vicky-makker_img.jpg
Mario E. Lacouture,mario-lacouture_img.jpg
Roisin Eilish O'Cearbhaill,roisin-o-cearbhaill_img.jpg
Oliver Zivanovic,oliver-zivanovic_img.jpg
David Randolph Jones,david-jones_img.jpg
Ping Chi,ping-chi_img.jpg
Michael Ian D'Angelica,michael-d-angelica_img.jpg
Ingo K. Mellinghoff,ingo-mellinghoff_img.jpg
Carol L. Brown,carol-brown_img.jpg
Harry W. Herr,harry-herr_img.jpg
Nai-Kong V. Cheung,nai-kong-cheung_img.jpg
Nancy T. Sklarin,nancy-sklarin_img.jpg
Ellin Berman,ellin-berman_img.jpg
Brian H. Kushner,brian-kushner_img.jpg
Peter T. Scardino,peter-scardino_img.jpg
David A. Scheinberg,david-scheinberg_img.jpg
Kenneth Offit,kenneth-offit_img.jpg
Leonard B. Saltz,leonard-saltz_img.jpg
George Plitas,george-plitas_img.jpg
Monica Morrow,monica-morrow_img.jpg
Avni Mukund Desai,avni-desai_img.jpg
Eytan Stein,eytan-stein_img.jpg
Esperanza Bouza Papadopoulos,esperanza-papadopoulos_img.jpg
David G. Pfister,david-pfister_img.jpg
Valerie W. Rusch,valerie-rusch_img.jpg
Neal Rosen,neal-rosen_img.jpg
Andrew David Zelenetz,andrew-zelenetz_img.jpg
David H. Ilson,david-ilson_img.jpg
Marc Jeffrey Gollub,marc-gollub_img.jpg
Steven M. Larson,steven-larson_img.jpg
Anas Younes,anas-younes_img.jpg
Paul A. Meyers,paul-meyers_img.jpg
Rachel N. Grisham,rachel-grisham_img.jpg
David J. Straus,david-straus_img.jpg
Elena Pentsova,elena-pentsova_img.jpg
Larry Norton,larry-norton_img.jpg
Mark G. Kris,mark-kris_img.jpg
Neil M. Iyengar,neil-iyengar_img.jpg
Howard I. Scher,howard-scher_img.jpg
Nadeem Riaz,nadeem-riaz_img.jpg
William Breitbart,william-breitbart_img.jpg
Dean F. Bajorin,dean-bajorin_img.jpg
Beatriz Korc-Grodzicki,beatriz-korc-grodzicki_img.jpg
Marc Ladanyi,marc-ladanyi_img.jpg
Stuart M. Lichtman,stuart-lichtman_img.jpg
Paul B. Chapman,paul-chapman_img.jpg
Lisa Marie DeAngelis,lisa-deangelis_img.jpg
Martin S. Tallman,martin-tallman_img.jpg
Robert J. Motzer,robert-motzer_img.jpg
James Vincent Fetten,james-fetten_img.jpg
Kara C. Long-Roche,kara-long-roche_img.jpg
Daphna Y. Gelblum,daphna-gelblum_img.jpg
Jose G. Guillem,jose-guillem_img.jpg
Bob T. Li,bob-li_img.jpg
Kimberly J. Van Zee,kimberly-van-zee_img.jpg
Juliana Eng,juliana-eng_img.jpg
Jacob Lowell Glass,jacob-glass_img.jpg
Parisa Momtaz,parisa-momtaz_img.jpg
Alexander Noor Shoushtari,alexander-shoushtari_img.jpg
Lisa Diamond,lisa-diamond_img.jpg
Eli L. Diamond,eli-diamond_img.jpg
Mark Bilsky,mark-bilsky_img.jpg
Leonard H. Wexler,leonard-wexler_img.jpg
Dennis Chi,dennis-chi_img.jpg
Ghassan K. Abou-Alfa,ghassan-abou-alfa_img.jpg
Eric Jeffrey Sherman,eric-sherman_img.jpg
Michael J. Morris,michael-morris_img.jpg
Philip Paty,philip-paty_img.jpg
Jedd D. Wolchok,jedd-wolchok_img.jpg
Miguel-Angel Perales,miguel-angel-perales_img.jpg
Steven Sugarman,steven-sugarman_img.jpg
Han Xiao,han-xiao_img.jpg
Peter George Maslak,peter-maslak_img.jpg
Susan F. Slovin,susan-slovin_img.jpg
Mark E. Robson,mark-robson_img.jpg
Philip Caron,philip-caron_img.jpg
Elizabeth Lin Jewell,elizabeth-jewell_img.jpg
Martee Leigh Hensley,martee-hensley_img.jpg
Carol Aghajanian,carol-aghajanian_img.jpg
Ira J. Dunkel,ira-dunkel_img.jpg
Sergio Giralt,sergio-giralt_img.jpg
Paul Sabbatini,paul-sabbatini_img.jpg
Ariela Noy,ariela-noy_img.jpg
Andrew Michael Intlekofer,andrew-intlekofer_img.jpg
Matthew David Hellmann,matthew-hellmann_img.jpg
Charles M. Rudin,charles-rudin_img.jpg
Kenneth K. Ng,kenneth-ng_img.jpg
Eileen Mary O'Reilly,eileen-o-reilly_img.jpg
Gabriella D'Andrea,gabriella-d-andrea_img.jpg
Pamela Drullinsky,pamela-drullinsky_img.jpg
Komal L. Jhaveri,komal-jhaveri_img.jpg
Carl Ola Landgren,c-landgren_img.jpg
Maria Lia Palomba,m-lia-palomba_img.jpg
Mario M. Leitao,mario-leitao-jr_img.jpg
Julia Lynne Glade Bender,julia-glade-bender_img.jpg
Diane Lauren Reidy,diane-reidy-lagunes_img.jpg
Jesse Joshua Smith,j-smith_img.jpg
Sree Bhavani Chalasani,sre-bhavani-chalasani_img.jpg
David Paul Kelsen,david-paul-kelsen_img.jpg
Linda T. Vahda,linda-vahdat_img.jpg
Mary Susan Brady,mary-sue-brady_img.jpg
Wanqing Iris Zhi,iris-zhi_img.jpg
William R. Jarnagin,smile_face_img.jpg
Mortimer J. Lacher,smile_face_img.jpg
Gregory Raskin,smile_face_img.jpg
Guenther Koehne,smile_face_img.jpg
John Paul Diaz,smile_face_img.jpg
Isidore Tepler,smile_face_img.jpg
Peter Bach,smile_face_img.jpg