center_name,nci_link
Abramson Cancer Center ,/research/nci-role/cancer-centers/find/upennabramson
Albert Einstein Cancer Center,/research/nci-role/cancer-centers/find/alberteinstein
Alvin J. Siteman Cancer Center,/research/nci-role/cancer-centers/find/washingtonsiteman
Arizona Cancer Center,/research/nci-role/cancer-centers/find/arizonacc
Case Comprehensive Cancer Center,/research/nci-role/cancer-centers/find/casewestern
Chao Family Comprehensive Cancer Center,/research/nci-role/cancer-centers/find/ucirvinechao
City of Hope Comprehensive Cancer Center,/research/nci-role/cancer-centers/find/beckmancityofhope
Cold Spring Harbor Laboratory Cancer Center,/research/nci-role/cancer-centers/find/coldspringharbor
Dan L Duncan Comprehensive Cancer Center,/research/nci-role/cancer-centers/find/baylorduncan
Dana-Farber/Harvard Cancer Center,/research/nci-role/cancer-centers/find/dfharvard
David H. Koch Institute for Integrative Cancer Research at MIT,/research/nci-role/cancer-centers/find/mitkoch
Duke Cancer Institute,/research/nci-role/cancer-centers/find/dukeci
Fox Chase Cancer Center,/research/nci-role/cancer-centers/find/foxchase
Fred Hutchinson/University of Washington Cancer Consortium,/research/nci-role/cancer-centers/find/fredhutchcrc
Fred and Pamela Buffett Cancer Center,/research/nci-role/cancer-centers/find/nebraska
Georgetown Lombardi Comprehensive Cancer Center,/research/nci-role/cancer-centers/find/georgetownlombardi
Harold C. Simmons Comprehensive Cancer Center,/research/nci-role/cancer-centers/find/utswsimmons
Herbert Irving Comprehensive Cancer Center,/research/nci-role/cancer-centers/find/irvingcolumbia
Holden Comprehensive Cancer Center,/research/nci-role/cancer-centers/find/iowaholden
Hollings Cancer Center,/research/nci-role/cancer-centers/find/muschollings
Huntsman Cancer Institute,/research/nci-role/cancer-centers/find/utahhuntsman
Indiana University Melvin and Bren Simon Cancer Center,/research/nci-role/cancer-centers/find/indianasimon
Jonsson Comprehensive Cancer Center,/research/nci-role/cancer-centers/find/uclajonsson
Knight Cancer Institute,/research/nci-role/cancer-centers/find/ohsuknight
Laura and Isaac Perlmutter Cancer Center at NYU Langone Health,/research/nci-role/cancer-centers/find/nyuci
Markey Cancer Center,/research/nci-role/cancer-centers/find/ukmarkey
Masonic Cancer Center,/research/nci-role/cancer-centers/find/minnesotamasonic
Massey Cancer Center,/research/nci-role/cancer-centers/find/vcumassey
Mayo Clinic Cancer Center,/research/nci-role/cancer-centers/find/mayoclinic
Mays Cancer Center at UT Health San Antonio,/research/nci-role/cancer-centers/find/utsanantonio
Memorial Sloan-Kettering Cancer Center,/research/nci-role/cancer-centers/find/memorialsloankettering
Moffitt Cancer Center,/research/nci-role/cancer-centers/find/moffitt
Moores Comprehensive Cancer Center,/research/nci-role/cancer-centers/find/ucsdmoores
Norris Cotton Cancer Center at Dartmouth,/research/nci-role/cancer-centers/find/dartmouthnorriscotton
Oâ€™Neal Comprehensive Cancer Center,/research/nci-role/cancer-centers/find/uabccc
Purdue University Center for Cancer Research,/research/nci-role/cancer-centers/find/purdueccr
Robert H. Lurie Comprehensive Cancer Center,/research/nci-role/cancer-centers/find/northwesternlurie
Roswell Park Comprehensive Cancer Center,/research/nci-role/cancer-centers/find/roswellpark
Rutgers Cancer Institute of New Jersey,/research/nci-role/cancer-centers/find/cinj
Salk Institute Cancer Center,/research/nci-role/cancer-centers/find/salk
Sanford Burnham Prebys Medical Discovery Institute,/research/nci-role/cancer-centers/find/sanfordburnham
Sidney Kimmel Cancer Center at Thomas Jefferson University,/research/nci-role/cancer-centers/find/jeffersonkimmel
Sidney Kimmel Comprehensive Cancer Center,/research/nci-role/cancer-centers/find/hopkinskimmel
St. Jude Children's Research Hospital,/research/nci-role/cancer-centers/find/stjude
Stanford Cancer Institute (SCI),/research/nci-role/cancer-centers/find/stanfordci
Stephenson Cancer Center,/research/nci-role/cancer-centers/find/stephenson
Sylvester Comprehensive Cancer Center,/research/nci-role/cancer-centers/find/sylvester-miami
The Barbara Ann Karmanos Cancer Institute,/research/nci-role/cancer-centers/find/waynestatekarmanos
The Jackson Laboratory Cancer Center,/research/nci-role/cancer-centers/find/jacksonlab
The Ohio State University Comprehensive Cancer Center,/research/nci-role/cancer-centers/find/osujames
The University of Chicago Comprehensive Cancer Center,/research/nci-role/cancer-centers/find/uchicagoccc
The University of Kansas Cancer Center,/research/nci-role/cancer-centers/find/kucc
The University of Texas MD Anderson Cancer Center,/research/nci-role/cancer-centers/find/mdanderson
The Wistar Institute Cancer Center,/research/nci-role/cancer-centers/find/wistar
Tisch Cancer Institute,/research/nci-role/cancer-centers/find/tischmountsinai
UC Davis Comprehensive Cancer Center,/research/nci-role/cancer-centers/find/ucdaviscc
UCSF Helen Diller Family Comprehensive Cancer Center,/research/nci-role/cancer-centers/find/ucsfhelendiller
UNC Lineberger Comprehensive Cancer Center,/research/nci-role/cancer-centers/find/unclineberger
UPMC Hillman Cancer Center,/research/nci-role/cancer-centers/find/upci
USC Norris Comprehensive Cancer Center,/research/nci-role/cancer-centers/find/uscnorris
University of Colorado Cancer Center,/research/nci-role/cancer-centers/find/ucolorado
University of Hawaii Cancer Center,/research/nci-role/cancer-centers/find/uhawaiicc
University of Maryland Marlene and Stewart Greenebaum Comprehensive Cancer Center,/research/nci-role/cancer-centers/find/umdgreenebaum
University of Michigan Rogel Cancer Center,/research/nci-role/cancer-centers/find/umichiganccc
University of New Mexico Cancer Research and Treatment Center,/research/nci-role/cancer-centers/find/newmexicocrtc
University of Virginia Cancer Center,/research/nci-role/cancer-centers/find/uvacc
University of Wisconsin Carbone Cancer Center,/research/nci-role/cancer-centers/find/uwcarbone
Vanderbilt-Ingram Cancer Center,/research/nci-role/cancer-centers/find/vanderbiltingram
Wake Forest Baptist Comprehensive Cancer Center,/research/nci-role/cancer-centers/find/wakeforest
Winship Cancer Institute,/research/nci-role/cancer-centers/find/emorywinship
Yale Cancer Center,/research/nci-role/cancer-centers/find/yalecc
